{"cameraMode":{"drawMode":0,"name":"Shaded","section":"Shading Mode"},"sceneLighting":false,"audioPlay":false,"sceneViewState":{"showFog":true,"showMaterialUpdate":false,"showSkybox":true,"showFlares":true,"showImageEffects":true,"showParticleSystems":true},"in2DMode":false,"pivot":{"x":5.399999618530273,"y":1.6812914609909058,"z":-4.800000190734863},"rotation":{"x":-0.0416702963411808,"y":-0.019486716017127038,"z":-0.0008129287743940949,"w":0.9989410638809204},"size":24.51886558532715,"orthographic":false}