{"cameraMode":{"drawMode":0,"name":"Shaded","section":"Shading Mode"},"sceneLighting":true,"audioPlay":false,"sceneViewState":{"showFog":true,"showMaterialUpdate":false,"showSkybox":true,"showFlares":true,"showImageEffects":true,"showParticleSystems":true},"in2DMode":false,"pivot":{"x":4.096563816070557,"y":-27.81241226196289,"z":-18.52460289001465},"rotation":{"x":0.4159734845161438,"y":-0.032730523496866229,"z":0.014983518980443478,"w":0.9086640477180481},"size":179.81558227539063,"orthographic":false}